{"stats":{"minecraft:used":{"minecraft:wooden_axe":27,"minecraft:bread":1,"minecraft:melon_slice":7,"minecraft:rotten_flesh":4,"minecraft:bamboo":1,"carryon:tile_item":3,"minecraft:dirt":24,"tombstone:gift":2},"minecraft:killed_by":{"minecraft:skeleton":3},"minecraft:killed":{"minecraft:skeleton":7},"minecraft:picked_up":{"minecraft:crafting_table":1,"minecraft:dirt":37,"minecraft:wheat_seeds":64,"minecraft:melon_slice":7},"minecraft:crafted":{"minecraft:oak_planks":4},"minecraft:dropped":{"minecraft:wheat_seeds":64,"tombstone:grave_key":2},"minecraft:custom":{"minecraft:time_since_rest":348,"minecraft:sprint_one_cm":76835,"minecraft:damage_taken":867,"minecraft:walk_one_cm":46152,"minecraft:mob_kills":8,"minecraft:drop":66,"minecraft:damage_dealt":1647,"minecraft:swim_one_cm":115,"minecraft:fly_one_cm":214057,"minecraft:open_chest":5,"minecraft:crouch_one_cm":2562,"minecraft:play_one_minute":28464,"tombstone:undead_killed":7,"minecraft:deaths":3,"minecraft:sneak_time":2005,"minecraft:walk_under_water_one_cm":455,"minecraft:jump":496,"minecraft:leave_game":9,"minecraft:walk_on_water_one_cm":1573,"minecraft:time_since_death":953,"minecraft:climb_one_cm":8108,"minecraft:fall_one_cm":6212},"minecraft:mined":{"minecraft:blue_stained_glass_pane":2,"minecraft:jungle_leaves":1,"minecraft:crafting_table":1,"minecraft:grass":69,"minecraft:grass_block":34,"minecraft:melon":1,"minecraft:white_stained_glass_pane":1,"minecraft:dirt":4,"minecraft:glass":8,"minecraft:oak_leaves":2,"minecraft:fern":27}},"DataVersion":2586}