{"stats":{"minecraft:killed_by":{"minecraft:skeleton":3},"minecraft:mined":{"minecraft:blue_stained_glass_pane":2,"minecraft:jungle_leaves":1,"minecraft:crafting_table":1,"minecraft:grass":69,"minecraft:grass_block":33,"minecraft:melon":1,"minecraft:white_stained_glass_pane":1,"minecraft:dirt":2,"minecraft:glass":8,"minecraft:oak_leaves":2,"minecraft:fern":27},"minecraft:crafted":{"minecraft:oak_planks":4},"minecraft:picked_up":{"minecraft:crafting_table":1,"minecraft:dirt":36,"minecraft:wheat_seeds":64,"minecraft:melon_slice":7},"minecraft:used":{"minecraft:wooden_axe":27,"minecraft:melon_slice":7,"minecraft:bread":1,"minecraft:rotten_flesh":4,"minecraft:bamboo":1,"carryon:tile_item":3,"minecraft:dirt":23,"tombstone:gift":2},"minecraft:dropped":{"minecraft:wheat_seeds":64},"minecraft:killed":{"minecraft:skeleton":7},"minecraft:custom":{"minecraft:time_since_rest":0,"minecraft:sprint_one_cm":73913,"minecraft:damage_taken":867,"minecraft:walk_one_cm":44309,"minecraft:mob_kills":8,"minecraft:drop":64,"minecraft:damage_dealt":1647,"minecraft:swim_one_cm":115,"minecraft:fly_one_cm":213742,"minecraft:open_chest":5,"minecraft:play_one_minute":27147,"minecraft:crouch_one_cm":2533,"tombstone:undead_killed":7,"minecraft:deaths":3,"minecraft:sneak_time":1992,"minecraft:walk_under_water_one_cm":455,"minecraft:jump":492,"minecraft:leave_game":7,"minecraft:time_since_death":0,"minecraft:walk_on_water_one_cm":1573,"minecraft:climb_one_cm":8108,"minecraft:fall_one_cm":6212}},"DataVersion":2586}