{"stats":{"minecraft:killed_by":{"minecraft:skeleton":1,"minecraft:zombie":1},"minecraft:mined":{"minecraft:grass":26,"minecraft:grass_block":6,"minecraft:gray_stained_glass":1,"minecraft:blue_stained_glass_pane":2,"minecraft:dirt":1,"minecraft:oak_leaves":1,"minecraft:gray_stained_glass_pane":2,"minecraft:fern":5},"minecraft:picked_up":{"minecraft:wheat_seeds":3,"minecraft:dirt":6},"minecraft:used":{"carryon:tile_item":1,"minecraft:dirt":6},"minecraft:custom":{"minecraft:time_since_rest":1,"minecraft:open_chest":4,"minecraft:play_one_minute":32119,"minecraft:sprint_one_cm":38285,"minecraft:walk_one_cm":56352,"minecraft:damage_taken":572,"minecraft:deaths":2,"minecraft:sneak_time":300,"minecraft:jump":229,"minecraft:damage_dealt":93,"minecraft:leave_game":6,"minecraft:time_since_death":1459,"minecraft:climb_one_cm":4551,"minecraft:fall_one_cm":7607,"minecraft:fly_one_cm":122806}},"DataVersion":2586}