{"stats":{"minecraft:picked_up":{"minecraft:wheat_seeds":1,"minecraft:dirt":1},"minecraft:mined":{"minecraft:grass":3,"minecraft:grass_block":1,"minecraft:fern":1},"minecraft:custom":{"minecraft:jump":5,"minecraft:time_since_rest":14259,"minecraft:damage_dealt":36,"minecraft:play_one_minute":14259,"minecraft:leave_game":5,"minecraft:sprint_one_cm":1207,"minecraft:damage_taken":44,"minecraft:time_since_death":14259,"minecraft:walk_one_cm":9619,"minecraft:sneak_time":300,"minecraft:fly_one_cm":69255},"minecraft:used":{"minecraft:dirt":1}},"DataVersion":2586}